Date,User_Role,Content,Engagement,Group_URL
2024-03-12,Chief Technology Officer,We're seeing 35% efficiency gains using NVIDIA Omniverse for factory digital twins. The ROI is real.,487,https://www.linkedin.com/groups/2025313/
2024-07-08,AR/VR Developer,Just shipped our first Vision Pro app. The spatial computing SDK is incredible but the market is tiny.,1203,https://www.linkedin.com/groups/1981888/
2024-05-19,AI Researcher,"LeCun is right: we need world models that understand physics, not just next-token prediction.",2156,https://www.linkedin.com/groups/1866/
2024-01-28,Product Manager,Quest 3's passthrough AR is a game changer. Finally seeing real mixed reality use cases.,892,https://www.linkedin.com/groups/4018888/
2024-09-14,Digital Twin Engineer,Hiring: Senior Digital Twin Developer with Unreal Engine + IoT integration experience.,324,https://www.linkedin.com/groups/8308821/
2024-11-02,Innovation Lead,Attended AWE 2024 - spatial computing is moving from hype to real enterprise adoption.,756,https://www.linkedin.com/groups/4018888/
2023-12-18,XR Developer,Unity's runtime fee fiasco has pushed our team to evaluate Unreal Engine. Trust is hard to rebuild.,1847,https://www.linkedin.com/groups/127104/
2024-04-22,Chief Data Scientist,Combining computer vision with physics simulation for warehouse robotics. The future is multimodal.,543,https://www.mckinsey.com/capabilities/mckinsey-digital/our-insights
2024-08-07,Spatial Computing Architect,"Privacy concerns with always-on spatial awareness devices need to be addressed now, not later.",1092,https://www.gartner.com/en/information-technology
2024-06-03,Robotics Engineer,Using ROS + Unity for sim-to-real transfer. Digital twins are dramatically reducing prototype costs.,678,https://www.linkedin.com/groups/2217430/
2024-10-16,CTO,We need more open standards for spatial data interchange. Proprietary silos hurt everyone.,934,https://www.khronos.org/
2024-02-09,Product Manager,"Vision Pro's eye tracking for UI is magical, but hand tracking still has latency issues.",1456,https://www.linkedin.com/groups/1981888/
2024-12-11,AI Researcher,Excited about JEPA (Joint Embedding Predictive Architecture) - finally moving beyond pure generative models.,821,https://www.linkedin.com/groups/1866/
2023-11-27,Innovation Lead,Healthcare XR training is showing measurably better outcomes vs traditional methods.,1289,https://www.cio.com/
2024-05-06,Digital Twin Engineer,Real-time physics simulation in Omniverse is incredible. Game engine tech meets industrial simulation.,567,https://www.linkedin.com/groups/8308821/
