doc_id,dominant_topic,text
0,3,article survey major xr vendor meta microsoft varjo unity pico google magic leap highlight grow industry focu interoperability standard driven collaboration
1,0,discuss interoperable anchor techniqu xr emphasiz shar coordinate anchor format role standard bodi enable cros platform spatial persistence
2,2,introduc xr block modular build block accelerate ai xr development not cros device reuse tool aid interoperability acros xr system
3,3,cover openxr updat industry agreement technical featur improve cros vendor compatibility ar vr runtim devic
4,4,community discussion native openxr implementation snapdragon spac support includ developer question driver runtime compatibility
5,3,summary xra host discussion focus interoperability challeng industry coordination recommend next step cros vendor integration
6,0,developer tutorial seri xr godot cover platform specific setup openxr usage guidance maintain cros platform compatibility xr project
7,3,primary repository openxr specification relat material serv canonical source standard enable xr interoperability runtim devic
8,0,android developer guidance openxr integration document platform support api best practic build cros device xr app android
9,0,hand tutorial demonstrat openxr concept extension usage code exampl help developer build interoperable xr application
10,1,survey style article outlin xr use cas acros industri not enterprise adoption hing integration exist enterprise stack standard compliance
11,1,argu system integrator adopt xr prioritize interoperable solution integrate immersive learn exist enterprise workflow lms system
12,4,community hub focus optic hardware consideration openxr implementation discuss compatibility reference design ease cros device support
13,0,android xr central resource link openxr doc platform tool guidance build performant interoperable xr experienc android devic
14,2,present xdtk cros device toolkit input interaction xr aim enabl consistent interaction acros heterogeneou xr hardware
15,2,standard document defin xr terminology baseline definition intend harmonize language expectation acros xr stakeholder support interoperability
16,1,european space agency strategy document includ section data shar standard engagement recommendation interoperable xr use scientific operational context
17,2,preprint discuss technical aspect relevant xr system data format pipelin implication cros device interoperability research direction
18,1,peer review article describ xr application healthcare highlight integration challeng clinical system xr platform affect interoperability
