Date,Source_Type,Text,Source_Link
2024-02-12,Blog,"Apple's Vision Pro is a technical marvel that showcases the future of spatial computing, but its $3,500 price tag and limited app ecosystem make it a tough sell for most consumers.",https://www.washingtonpost.com/technology/2024/02/12/apple-vision-pro-review/
2023-10-09,Blog,"The Quest 3 is Meta's best headset yet, offering improved passthrough AR, better graphics, and a more comfortable design at a reasonable price point.",https://www.npr.org/2023/10/09/1204637576/meta-quest-3-review-vr-headset
2024-03-18,Blog,"NVIDIA launched new AI tools and frameworks designed to accelerate the development of industrial digital twins for manufacturing, logistics, and robotics applications.",https://blogs.nvidia.com/blog/ai-digital-twins-industrial-automation-demo/
2024-03-18,Blog,"Despite strong technical capabilities, PSVR2 has faced slower than expected adoption, leading Sony to reduce manufacturing output.",https://www.roadtovr.com/report-sony-psvr-2-pauses-production-low-sales/
2024-10-02,Blog,"Tech giants and startups are developing AI systems that can reason about physics, 3D space, and object interactions - moving beyond text-based LLMs.",https://www.cnbc.com/2024/10/02/nvidia-spatial-ai-the-omniverse-next-big-thing.html
2023-09-22,Blog,"Unity reverses its unpopular runtime fee policy after massive developer backlash, but the damage to developer trust may be lasting.",https://techcrunch.com/2023/09/22/unity-u-turns-on-controversial-runtime-fee-and-begs-forgiveness/
2024-03-18,Blog,"BMW leverages NVIDIA's Omniverse platform to create digital twins of entire factories, optimizing production lines before physical construction.",https://venturebeat.com/games/bmw-group-starts-global-rollout-of-nvidia-omniverse/
2024-06-03,Blog,"Microsoft laid off some employees who work on mixed reality, though the company will keep selling HoloLens 2 headsets to enterprise customers.",https://www.cnbc.com/2024/06/03/microsoft-confirms-mixed-reality-layoffs-will-keep-selling-hololens-2.html
2024-10-16,Blog,"Meta's Chief AI Scientist argues that true AI requires world models that understand physics and causality, not just pattern matching on text.",https://techcrunch.com/2024/10/16/metas-ai-chief-says-world-models-are-key-to-human-level-ai-but-it-might-be-10-years-out/
2024-03-18,Blog,"Sony paused production of its PSVR2 headset until it clears a backlog of unsold units, with sales progressively slowing since its launch.",https://www.bloomberg.com/news/articles/2024-03-18/sony-hits-pause-on-psvr2-production-as-unsold-inventory-piles-up
2023-10-09,Blog,"A massive improvement over the Quest 2, packing in a lot of power and features without adding to the headset's weight.",https://www.pcgamer.com/meta-quest-3-review/
2024-02-09,Blog,"This is the most impressive piece of Apple hardware I've ever seen, though its limitations are not faults but trade-offs.",https://stratechery.com/2024/the-apple-vision-pro/
2024-02-08,Blog,This is a very long time since Apple released a product as speculative and impractical as the Vision Pro.,https://sixcolors.com/post/2024/02/apple-vision-pro-review-eyes-on-the-future/
2023-12-22,Blog,The Snapdragon XR2 Gen 2 processor delivers 2.5 times the performance of the Quest 2's previous generation chip.,https://www.xrtoday.com/reviews/meta-quest-3-review-hands-on-with-the-quest-3/
2024-01-01,Blog,Microsoft remains committed to the HoloLens 2 enterprise market despite strategic shifts in its mixed reality division.,https://www.xrtoday.com/mixed-reality/microsoft-retains-hololens-2-commitment-in-2024/
2024-10-16,Blog,World models allow AI to understand and interact with the physical world in ways previously limited to human cognition.,https://www.ibm.com/think/news/world-models-smarter-ai
2024-03-18,Blog,BMW and NVIDIA take virtual factory planning to the next level with Omniverse digital twins.,https://blogs.nvidia.com/blog/nvidia-bmw-factory-future/
2024-10-24,Blog,"Microsoft officially announced the end of production for its HoloLens 2 headset and will discontinue support by Dec. 31, 2027.",https://www.techpowerup.com/327285/microsoft-discontinues-hololens-2-shifts-mixed-reality-strategy
2023-10-09,Blog,"A superb follow-up to the most successful VR headset of all time, addressing many Quest 2 complaints.",https://www.androidcentral.com/gaming/virtual-reality/meta-quest-3-review
2024-02-02,Blog,Apple's Vision Pro represents a revolution in progress with impressive hardware but limited immediate applications.,https://www.tomsguide.com/computing/smart-glasses/apple-vision-pro-review
2024-03-12,Professional Network,We're seeing 35% efficiency gains using NVIDIA Omniverse for factory digital twins. The ROI is real.,https://www.nvidia.com/en-us/omniverse/
2024-07-08,Professional Network,Just shipped our first Vision Pro app. The spatial computing SDK is incredible but the market is tiny.,https://developer.apple.com/visionos/
2024-05-19,Professional Network,"LeCun is right: we need world models that understand physics, not just next-token prediction.",https://ai.meta.com/
2024-01-28,Professional Network,Quest 3's passthrough AR is a game changer. Finally seeing real mixed reality use cases.,https://www.meta.com/quest/
2024-09-14,Professional Network,Hiring: Senior Digital Twin Developer with Unreal Engine + IoT integration experience.,https://www.digitaltwinconsortium.org/
2024-11-02,Professional Network,Attended AWE 2024 - spatial computing is moving from hype to real enterprise adoption.,https://www.awexr.com/
2023-12-18,Professional Network,Unity's runtime fee fiasco has pushed our team to evaluate Unreal Engine. Trust is hard to rebuild.,https://unity.com/
2024-04-22,Professional Network,Combining computer vision with physics simulation for warehouse robotics. The future is multimodal.,https://www.mckinsey.com/capabilities/mckinsey-digital/our-insights
2024-08-07,Professional Network,"Privacy concerns with always-on spatial awareness devices need to be addressed now, not later.",https://www.gartner.com/en/information-technology
2024-06-03,Professional Network,Using ROS + Unity for sim-to-real transfer. Digital twins are dramatically reducing prototype costs.,https://www.ros.org/
2024-10-16,Professional Network,We need more open standards for spatial data interchange. Proprietary silos hurt everyone.,https://www.khronos.org/
2024-02-09,Professional Network,"Vision Pro's eye tracking for UI is magical, but hand tracking still has latency issues.",https://developer.apple.com/visionos/
2024-12-11,Professional Network,Excited about JEPA (Joint Embedding Predictive Architecture) - finally moving beyond pure generative models.,https://ai.meta.com/
2023-11-27,Professional Network,Healthcare XR training is showing measurably better outcomes vs traditional methods.,https://www.ericsson.com/en/reports-and-papers/consumerlab
2024-05-06,Professional Network,Real-time physics simulation in Omniverse is incredible. Game engine tech meets industrial simulation.,https://www.digitaltwinconsortium.org/
2024-01-01,Research Paper,"Comprehensive survey of XR technologies examining AR, MR, and VR implementations under Industry 4.0, analyzing key technologies and applications in industrial settings.",https://dl.acm.org/doi/10.1145/3652595
2024-01-01,Research Paper,A new interaction paradigm that aims to make physical objects digitally interactive in XR environments using spatial computing.,https://research.google/blog/augmented-object-intelligence-with-xr-objects/
2024-01-01,Research Paper,"Collection of research papers on virtual reality and 3D user interfaces, including motion capture data from 105,000 XR users and novel interaction techniques.",https://ieeevr.org/2024/program/papers/
2024-01-01,Research Paper,"Framework for spatial computing covering computer vision, 3D imaging, graphics, animation, and shape modeling with differentiable programming.",https://dl.acm.org/doi/10.1145/3664475.3664543
2024-01-01,Research Paper,"Visual stories create presence using computer vision techniques, spatial audio, and 3D tiles for immersive news experiences.",https://dl.acm.org/doi/10.1145/3641233.3664727
2024-01-01,Research Paper,Exploring integration of artificial intelligence with augmented reality for practical everyday applications and user experiences.,https://arxiv.org/abs/2412.12681
2024-01-01,Research Paper,"Research across 10 global markets with XR users, revealing insights shaping consumer expectations for AR experiences over next five years.",https://www.ericsson.com/en/reports-and-papers/consumerlab/reports/augmented-tomorrow-ar-experiences-beyond-smartphones-and-ar-filters
2024-01-01,Research Paper,"Text-to-3D generation for XR content creation, examining AI-generated content impact on accessible and inclusive XR environments.",https://arxiv.org/abs/2410.23803
2024-01-01,Research Paper,"Survey of digital twin implementations across manufacturing, aerospace, automotive and energy using computational fluid dynamics and real-time simulation.",https://www.ieee-smart-world.org/2024/digitaltwin/
2024-01-01,Research Paper,Framework for cognitive load and stress detection in VR training using real-time physiological data and adaptive systems.,https://arxiv.org/abs/2504.06461
2024-01-01,Research Paper,Systematic review of randomized controlled trials examining AR use by EMS personnel for clinical and educational applications.,https://xr.jmir.org/2025/1/e66222
2024-01-01,Research Paper,Recent advances in multimodal natural interaction for Extended Reality headsets and spatial computing systems.,https://link.springer.com/article/10.1007/s11704-025-41123-8
2024-01-01,Research Paper,Dynamic gamification architecture for XR-AI virtual training environment to enhance STEM education through immersive adaptive learning.,https://arxiv.org/abs/2509.03812
2024-01-01,Research Paper,Scoping review of 26 research papers focused on assistive XR solutions for people with disabilities from 2019-2023.,https://arxiv.org/abs/2504.13849
2024-01-01,Research Paper,Comprehensive toolkit for collecting and analyzing data in virtual reality environments for research purposes.,https://arxiv.org/abs/2412.17490
2024-02-03,Social Media,Vision Pro is genuinely incredible technology. But the killer app isn't here yet. Give developers time.,https://twitter.com/ow
2024-04-18,Social Media,World models are the path to machines that understand causality and physics. LLMs are just pattern matchers.,https://twitter.com/ylecun
2024-09-25,Social Media,New NVIDIA Omniverse updates enable real-time collaboration on industrial digital twins at unprecedented scale.,https://twitter.com/nvidia
2024-06-11,Social Media,Quest 3 brings high-quality mixed reality to the masses at $499. This is the inflection point.,https://twitter.com/Meta
2024-11-04,Social Media,Spatial AI is underrated. The physical world has structure that text doesn't capture.,https://twitter.com/karpathy
2024-03-07,Social Media,XR has been 'almost there' for a decade. Vision Pro is technically amazing but doesn't change that.,https://twitter.com/benedictevans
2024-07-29,Social Media,Multimodal AI that understands 3D space will be more impactful than pure language models.,https://twitter.com/sama
2024-01-15,Social Media,"After trying Vision Pro, I'm convinced spatial computing is the next platform. Just give it 3-5 years.",https://twitter.com/scobleizer
2024-10-12,Social Media,"Industrial metaverse applications (digital twins, training) have clear ROI. Consumer metaverse still searching for PMF.",https://twitter.com/ballmatthew
2024-05-22,Social Media,AI + XR for training is incredibly effective. Saw a surgical training demo that was transformative.,https://twitter.com/emollick
2024-08-19,Social Media,"Still lots of engineering challenges in XR. Optics, ergonomics, battery life - all need another generation of work.",https://twitter.com/ID_AA_Carmack
2024-12-06,Social Media,World models that can simulate physics enable entirely new approaches to robotics and embodied AI.,https://twitter.com/hardmaru
2023-11-15,Social Media,"Privacy in always-on spatial computing devices needs to be designed in from day one, not bolted on later.",https://twitter.com/Apple
2024-04-09,Social Media,"We hear your feedback. Unity is committed to transparent, developer-friendly pricing. Changes coming soon.",https://twitter.com/unity
2024-09-03,Social Media,Unreal Engine 5.4 brings major improvements to VR performance and mixed reality development workflows.,https://twitter.com/UnrealEngine
